"文字","画数"
"ょ","2"
"ゅ","2"
"ゃ","3"
"っ","1"
"ぉ","3"
"ぇ","2"
"ぅ","2"
"ぃ","2"
"ぁ","3"
"ヴ","5"
"ョ","3"
"ュ","2"
"ャ","2"
"ッ","3"
"ォ","3"
"ェ","3"
"ゥ","3"
"ィ","2"
"ァ","2"
"ポ","5"
"ペ","2"
"プ","2"
"ピ","3"
"パ","3"
"ボ","6"
"ベ","3"
"ブ","3"
"ビ","4"
"バ","4"
"ド","4"
"デ","5"
"ヅ","5"
"ヂ","5"
"ダ","5"
"ゾ","4"
"ゼ","4"
"ズ","4"
"ジ","5"
"ザ","5"
"ゴ","4"
"ゲ","5"
"グ","4"
"ギ","5"
"ガ","4"
"ン","2"
"ヲ","3"
"ヱ","3"
"ヰ","4"
"ワ","2"
"ロ","3"
"レ","1"
"ル","2"
"リ","2"
"ラ","2"
"ヨ","3"
"ユ","2"
"ヤ","2"
"モ","3"
"メ","2"
"ム","2"
"ミ","3"
"マ","2"
"ホ","4"
"ヘ","1"
"フ","1"
"ヒ","2"
"ハ","2"
"ノ","1"
"ネ","4"
"ヌ","2"
"ニ","2"
"ナ","2"
"ト","2"
"テ","3"
"ツ","3"
"チ","3"
"タ","3"
"ソ","2"
"セ","2"
"ス","2"
"シ","3"
"サ","3"
"コ","2"
"ケ","3"
"ク","2"
"キ","3"
"カ","2"
"オ","3"
"エ","3"
"ウ","3"
"イ","2"
"ア","2"
"ぽ","5"
"ぺ","2"
"ぷ","5"
"ぴ","2"
"ぱ","4"
"ぼ","6"
"べ","3"
"ぶ","6"
"び","3"
"ば","5"
"ど","4"
"で","3"
"づ","3"
"ぢ","4"
"だ","6"
"ぞ","3"
"ぜ","5"
"ず","4"
"じ","3"
"ざ","5"
"ご","4"
"げ","5"
"ぐ","3"
"ぎ","6"
"が","5"
"ん","1"
"を","3"
"ゑ","1"
"ゐ","1"
"わ","1"
"ろ","1"
"れ","2"
"る","1"
"り","2"
"ら","2"
"よ","2"
"ゆ","2"
"や","3"
"も","3"
"め","2"
"む","3"
"み","2"
"ま","3"
"ほ","4"
"へ","1"
"ふ","4"
"ひ","1"
"は","3"
"の","1"
"ね","3"
"ぬ","2"
"に","3"
"な","4"
"と","2"
"て","1"
"つ","1"
"ち","2"
"た","4"
"そ","1"
"せ","3"
"す","2"
"し","1"
"さ","3"
"こ","2"
"け","3"
"く","1"
"き","4"
"か","3"
"お","3"
"え","2"
"う","2"
"い","2"
"あ","3"
"鬱","29"
"廳","25"
"鷺","24"
"釀","24"
"讓","24"
"鱗","24"
"麟","24"
"鷹","24"
"驗","23"
"鱒","23"
"鷲","23"
"纖","23"
"巖","23"
"顯","23"
"鑑","23"
"穰","22"
"臟","22"
"覽","22"
"驍","22"
"讃","22"
"鑄","22"
"饗","22"
"鷗","22"
"聽","22"
"疊","22"
"響","22"
"灘","22"
"籠","22"
"襲","22"
"驚","22"
"鰯","21"
"飜","21"
"纏","21"
"轟","21"
"櫻","21"
"攝","21"
"鷄","21"
"蠟","21"
"欄","21"
"露","21"
"躍","21"
"魔","21"
"鶴","21"
"顧","21"
"艦","21"
"耀","20"
"孃","20"
"巌","20"
"纂","20"
"嚴","20"
"騷","20"
"馨","20"
"欄","20"
"騰","20"
"籍","20"
"醸","20"
"譲","20"
"鐘","20"
"懸","20"
"響","20"
"護","20"
"競","20"
"議","20"
"獸","19"
"懲","19"
"瀧","19"
"蘇","19"
"瀕","19"
"壞","19"
"鵬","19"
"蟹","19"
"類","19"
"懷","19"
"鯛","19"
"寵","19"
"麒","19"
"曝","19"
"蘭","19"
"禱","19"
"繡","19"
"繫","19"
"瀨","19"
"簾","19"
"櫛","19"
"櫓","19"
"贈","19"
"難","19"
"顚","19"
"禰","19"
"麓","19"
"麗","19"
"離","19"
"羅","19"
"霧","19"
"簿","19"
"譜","19"
"爆","19"
"覇","19"
"藻","19"
"瀬","19"
"髄","19"
"蹴","19"
"璽","19"
"鯨","19"
"鶏","19"
"繰","19"
"艶","19"
"韻","19"
"臓","19"
"警","19"
"識","19"
"鏡","19"
"願","19"
"糧","18"
"藍","18"
"濫","18"
"癒","18"
"禮","18"
"雛","18"
"鵜","18"
"櫂","18"
"簞","18"
"雜","18"
"叢","18"
"襖","18"
"壘","18"
"麿","18"
"儲","18"
"蹟","18"
"謹","18"
"燿","18"
"轉","18"
"藥","18"
"藝","18"
"醬","18"
"蟬","18"
"藏","18"
"鎧","18"
"鞭","18"
"穣","18"
"鯉","18"
"鎭","18"
"翻","18"
"癖","18"
"璧","18"
"覆","18"
"藩","18"
"闘","18"
"藤","18"
"鎮","18"
"懲","18"
"贈","18"
"騒","18"
"礎","18"
"繕","18"
"瞬","18"
"鎖","18"
"顕","18"
"繭","18"
"襟","18"
"騎","18"
"韓","18"
"鎌","18"
"顎","18"
"穫","18"
"臨","18"
"難","18"
"簡","18"
"職","18"
"織","18"
"額","18"
"類","18"
"験","18"
"観","18"
"題","18"
"曜","18"
"顔","18"
"磯","17"
"禪","17"
"應","17"
"瓢","17"
"檀","17"
"擢","17"
"濕","17"
"薩","17"
"藁","17"
"檎","17"
"燦","17"
"穗","17"
"壕","17"
"鴻","17"
"鞠","17"
"瞥","17"
"縱","17"
"霞","17"
"擊","17"
"彌","17"
"謠","17"
"嶺","17"
"燭","17"
"檜","17"
"篠","17"
"濡","17"
"輿","17"
"繁","17"
"檢","17"
"曙","17"
"鍬","17"
"駿","17"
"螺","17"
"薰","17"
"徽","17"
"戲","17"
"鍊","17"
"齢","17"
"瞭","17"
"療","17"
"翼","17"
"闇","17"
"頻","17"
"鍋","17"
"謎","17"
"瞳","17"
"謄","17"
"聴","17"
"鍛","17"
"濯","17"
"戴","17"
"霜","17"
"燥","17"
"鮮","17"
"繊","17"
"礁","17"
"償","17"
"醜","17"
"爵","17"
"擦","17"
"懇","17"
"購","17"
"鍵","17"
"謙","17"
"謹","17"
"矯","17"
"犠","17"
"擬","17"
"環","17"
"轄","17"
"嚇","17"
"臆","17"
"曖","17"
"覧","17"
"優","17"
"縮","17"
"厳","17"
"績","17"
"謝","17"
"講","17"
"錬","16"
"隷","16"
"隣","16"
"鮎","16"
"錐","16"
"諺","16"
"窺","16"
"鋸","16"
"燎","16"
"錘","16"
"器","16"
"鞘","16"
"錆","16"
"叡","16"
"橘","16"
"澪","16"
"勳","16"
"輯","16"
"醐","16"
"錄","16"
"蕗","16"
"謁","16"
"縣","16"
"謂","16"
"歷","16"
"憐","16"
"鴨","16"
"錫","16"
"戰","16"
"樽","16"
"燕","16"
"燒","16"
"薗","16"
"橙","16"
"縞","16"
"險","16"
"薙","16"
"橫","16"
"靜","16"
"燈","16"
"黛","16"
"曉","16"
"默","16"
"蹄","16"
"蕾","16"
"諸","16"
"衞","16"
"曆","16"
"龍","16"
"醍","16"
"樫","16"
"賴","16"
"頼","16"
"謡","16"
"擁","16"
"融","16"
"諭","16"
"麺","16"
"磨","16"
"頰","16"
"謀","16"
"膨","16"
"縫","16"
"壁","16"
"避","16"
"繁","16"
"縛","16"
"薄","16"
"濃","16"
"曇","16"
"篤","16"
"賭","16"
"諦","16"
"緻","16"
"壇","16"
"濁","16"
"膳","16"
"薦","16"
"醒","16"
"薪","16"
"錠","16"
"嬢","16"
"壌","16"
"獣","16"
"儒","16"
"諮","16"
"錯","16"
"墾","16"
"衡","16"
"錮","16"
"賢","16"
"憩","16"
"薫","16"
"錦","16"
"凝","16"
"還","16"
"憾","16"
"獲","16"
"骸","16"
"諧","16"
"懐","16"
"壊","16"
"穏","16"
"憶","16"
"緯","16"
"奮","16"
"糖","16"
"操","16"
"縦","16"
"樹","16"
"鋼","16"
"憲","16"
"激","16"
"輸","16"
"燃","16"
"築","16"
"興","16"
"衛","16"
"録","16"
"積","16"
"機","16"
"薬","16"
"整","16"
"橋","16"
"館","16"
"頭","16"
"親","16"
"餌","15"
"廟","15"
"凜","15"
"撫","15"
"槻","15"
"嬉","15"
"遼","15"
"諒","15"
"鋒","15"
"凛","15"
"諄","15"
"熙","15"
"駕","15"
"樂","15"
"魯","15"
"劉","15"
"蝦","15"
"黎","15"
"蕪","15"
"毅","15"
"誼","15"
"篇","15"
"鄭","15"
"蕨","15"
"醉","15"
"賣","15"
"歎","15"
"德","15"
"諏","15"
"蝶","15"
"緖","15"
"廣","15"
"駈","15"
"撞","15"
"髮","15"
"噂","15"
"蕉","15"
"樟","15"
"層","15"
"墨","15"
"糊","15"
"穀","15"
"噌","15"
"節","15"
"練","15"
"醇","15"
"增","15"
"稻","15"
"磐","15"
"緣","15"
"幡","15"
"撒","15"
"價","15"
"儉","15"
"鞍","15"
"彈","15"
"蕃","15"
"瘦","15"
"樣","15"
"撰","15"
"憎","15"
"徵","15"
"蕎","15"
"樋","15"
"劍","15"
"播","15"
"澁","15"
"慧","15"
"霊","15"
"寮","15"
"慮","15"
"璃","15"
"履","15"
"窯","15"
"憂","15"
"黙","15"
"魅","15"
"摩","15"
"撲","15"
"褒","15"
"舗","15"
"餅","15"
"蔽","15"
"弊","15"
"幣","15"
"憤","15"
"墳","15"
"噴","15"
"舞","15"
"賦","15"
"膚","15"
"敷","15"
"賓","15"
"膝","15"
"罷","15"
"盤","15"
"範","15"
"箸","15"
"賠","15"
"輩","15"
"罵","15"
"踏","15"
"撤","15"
"徹","15"
"締","15"
"墜","15"
"澄","15"
"嘲","15"
"駐","15"
"鋳","15"
"誰","15"
"諾","15"
"踪","15"
"槽","15"
"遷","15"
"潜","15"
"請","15"
"穂","15"
"震","15"
"審","15"
"嘱","15"
"縄","15"
"衝","15"
"憧","15"
"遵","15"
"潤","15"
"趣","15"
"賜","15"
"摯","15"
"暫","15"
"撮","15"
"駒","15"
"稿","15"
"撃","15"
"稽","15"
"憬","15"
"慶","15"
"勲","15"
"緊","15"
"窮","15"
"戯","15"
"儀","15"
"輝","15"
"畿","15"
"緩","15"
"監","15"
"歓","15"
"潟","15"
"潰","15"
"餓","15"
"稼","15"
"縁","15"
"閲","15"
"謁","15"
"鋭","15"
"影","15"
"慰","15"
"論","15"
"潮","15"
"誕","15"
"蔵","15"
"諸","15"
"熟","15"
"権","15"
"劇","15"
"遺","15"
"暴","15"
"編","15"
"導","15"
"敵","15"
"質","15"
"賛","15"
"潔","15"
"確","15"
"輪","15"
"養","15"
"標","15"
"熱","15"
"選","15"
"賞","15"
"器","15"
"課","15"
"億","15"
"箱","15"
"調","15"
"談","15"
"横","15"
"線","15"
"遜","14"
"摺","14"
"綾","14"
"瑳","14"
"榊","14"
"竪","14"
"鳳","14"
"漣","14"
"閤","14"
"膏","14"
"爾","14"
"嘗","14"
"裳","14"
"槌","14"
"綴","14"
"鞄","14"
"嶋","14"
"蓬","14"
"緋","14"
"頗","14"
"箕","14"
"厩","14"
"箔","14"
"碧","14"
"輔","14"
"蔦","14"
"肇","14"
"榛","14"
"槙","14"
"賑","14"
"翠","14"
"碩","14"
"銑","14"
"槍","14"
"漕","14"
"綜","14"
"聡","14"
"魁","14"
"暢","14"
"蔓","14"
"福","14"
"賓","14"
"颯","14"
"榎","14"
"禍","14"
"滯","14"
"寬","14"
"嘆","14"
"僞","14"
"遙","14"
"榮","14"
"槇","14"
"實","14"
"綺","14"
"綸","14"
"僧","14"
"嘉","14"
"署","14"
"奬","14"
"齊","14"
"粹","14"
"漢","14"
"窪","14"
"蔣","14"
"綠","14"
"團","14"
"盡","14"
"漱","14"
"寢","14"
"鳶","14"
"摑","14"
"壽","14"
"斡","14"
"禎","14"
"蔭","14"
"樺","14"
"遡","14"
"漏","14"
"暦","14"
"瑠","14"
"僚","14"
"辣","14"
"踊","14"
"瘍","14"
"誘","14"
"網","14"
"銘","14"
"蜜","14"
"漫","14"
"慢","14"
"膜","14"
"墨","14"
"僕","14"
"貌","14"
"慕","14"
"蔑","14"
"腐","14"
"漂","14"
"碑","14"
"閥","14"
"罰","14"
"髪","14"
"寧","14"
"稲","14"
"滴","14"
"摘","14"
"漬","14"
"徴","14"
"嫡","14"
"綻","14"
"端","14"
"奪","14"
"駄","14"
"憎","14"
"遭","14"
"漸","14"
"箋","14"
"誓","14"
"彰","14"
"緒","14"
"塾","14"
"銃","14"
"需","14"
"遮","14"
"漆","14"
"雌","14"
"魂","14"
"獄","14"
"酷","14"
"豪","14"
"酵","14"
"綱","14"
"熊","14"
"駆","14"
"概","14"
"箇","14"
"寡","14"
"隠","14"
"維","14"
"模","14"
"暮","14"
"認","14"
"層","14"
"障","14"
"磁","14"
"誌","14"
"穀","14"
"誤","14"
"疑","14"
"閣","14"
"領","14"
"綿","14"
"複","14"
"徳","14"
"銅","14"
"適","14"
"態","14"
"増","14"
"像","14"
"総","14"
"銭","14"
"製","14"
"精","14"
"酸","14"
"雑","14"
"際","14"
"構","14"
"境","14"
"慣","14"
"演","14"
"歴","14"
"説","14"
"静","14"
"種","14"
"察","14"
"漁","14"
"旗","14"
"関","14"
"管","14"
"練","14"
"緑","14"
"様","14"
"鼻","14"
"銀","14"
"駅","14"
"鳴","14"
"聞","14"
"読","14"
"算","14"
"語","14"
"歌","14"
"賄","13"
"楼","13"
"楚","13"
"煮","13"
"稟","13"
"碎","13"
"靖","13"
"瑞","13"
"暑","13"
"牒","13"
"蒙","13"
"勤","13"
"稔","13"
"溢","13"
"蒼","13"
"傳","13"
"搖","13"
"椿","13"
"禎","13"
"鼎","13"
"煤","13"
"鳩","13"
"祿","13"
"楠","13"
"馴","13"
"與","13"
"裝","13"
"廊","13"
"詫","13"
"楕","13"
"圓","13"
"楓","13"
"奧","13"
"禽","13"
"蒲","13"
"碓","13"
"愼","13"
"碑","13"
"傭","13"
"獅","13"
"嘩","13"
"煌","13"
"暉","13"
"碗","13"
"楯","13"
"嵩","13"
"遁","13"
"舜","13"
"幌","13"
"滉","13"
"瑶","13"
"楢","13"
"煉","13"
"蒔","13"
"稜","13"
"馳","13"
"蓮","13"
"跨","13"
"塙","13"
"蓑","13"
"裟","13"
"葦","13"
"椰","13"
"楊","13"
"嵯","13"
"蓉","13"
"蒐","13"
"瑚","13"
"頌","13"
"詢","13"
"溜","13"
"溫","13"
"賂","13"
"廉","13"
"零","13"
"鈴","13"
"虜","13"
"慄","13"
"酪","13"
"雷","13"
"裸","13"
"腰","13"
"溶","13"
"誉","13"
"滅","13"
"睦","13"
"飽","13"
"蜂","13"
"微","13"
"頒","13"
"煩","13"
"搬","13"
"鉢","13"
"漠","13"
"頓","13"
"督","13"
"塗","13"
"殿","13"
"塡","13"
"溺","13"
"艇","13"
"跳","13"
"蓄","13"
"稚","13"
"痴","13"
"嘆","13"
"滝","13"
"滞","13"
"賊","13"
"僧","13"
"塑","13"
"禅","13"
"践","13"
"詮","13"
"腺","13"
"羨","13"
"煎","13"
"摂","13"
"跡","13"
"裾","13"
"睡","13"
"腎","13"
"慎","13"
"寝","13"
"触","13"
"飾","13"
"詳","13"
"奨","13"
"酬","13"
"愁","13"
"腫","13"
"嫉","13"
"慈","13"
"嗣","13"
"搾","13"
"載","13"
"歳","13"
"塞","13"
"催","13"
"債","13"
"傲","13"
"溝","13"
"碁","13"
"鼓","13"
"誇","13"
"遣","13"
"献","13"
"嫌","13"
"傑","13"
"隙","13"
"詣","13"
"継","13"
"携","13"
"傾","13"
"窟","13"
"愚","13"
"僅","13"
"嗅","13"
"詰","13"
"毀","13"
"棄","13"
"頑","13"
"寛","13"
"勧","13"
"褐","13"
"滑","13"
"隔","13"
"較","13"
"該","13"
"蓋","13"
"慨","13"
"楷","13"
"塊","13"
"雅","13"
"靴","13"
"禍","13"
"暇","13"
"嫁","13"
"虞","13"
"鉛","13"
"猿","13"
"煙","13"
"違","13"
"彙","13"
"裏","13"
"盟","13"
"幕","13"
"腹","13"
"賃","13"
"暖","13"
"誠","13"
"聖","13"
"蒸","13"
"傷","13"
"署","13"
"源","13"
"絹","13"
"預","13"
"夢","13"
"豊","13"
"墓","13"
"損","13"
"勢","13"
"準","13"
"飼","13"
"資","13"
"罪","13"
"鉱","13"
"群","13"
"禁","13"
"義","13"
"幹","13"
"解","13"
"働","13"
"腸","13"
"置","13"
"続","13"
"戦","13"
"節","13"
"照","13"
"辞","13"
"試","13"
"塩","13"
"愛","13"
"路","13"
"福","13"
"農","13"
"鉄","13"
"想","13"
"詩","13"
"業","13"
"漢","13"
"感","13"
"意","13"
"暗","13"
"話","13"
"電","13"
"数","13"
"新","13"
"楽","13"
"遠","13"
"園","13"
"渾","12"
"翔","12"
"註","12"
"智","12"
"喋","12"
"筑","12"
"寓","12"
"黑","12"
"惹","12"
"脹","12"
"虛","12"
"犀","12"
"焰","12"
"堵","12"
"欽","12"
"湘","12"
"渥","12"
"盜","12"
"斯","12"
"揭","12"
"渴","12"
"搜","12"
"剩","12"
"逸","12"
"閏","12"
"揃","12"
"喧","12"
"疏","12"
"貰","12"
"棲","12"
"厨","12"
"硯","12"
"絢","12"
"粟","12"
"渚","12"
"甥","12"
"粥","12"
"都","12"
"惣","12"
"湛","12"
"爲","12"
"腔","12"
"喰","12"
"戟","12"
"萩","12"
"葺","12"
"視","12"
"著","12"
"虜","12"
"巽","12"
"竣","12"
"猪","12"
"琢","12"
"董","12"
"遥","12"
"葵","12"
"萬","12"
"堺","12"
"曾","12"
"焚","12"
"單","12"
"堰","12"
"黃","12"
"皓","12"
"琳","12"
"雁","12"
"堯","12"
"惠","12"
"裡","12"
"瑛","12"
"釉","12"
"葡","12"
"筈","12"
"椋","12"
"琥","12"
"斐","12"
"禄","12"
"萱","12"
"琶","12"
"喬","12"
"淵","12"
"琵","12"
"稀","12"
"卿","12"
"敦","12"
"椀","12"
"凱","12"
"惡","12"
"湊","12"
"隈","12"
"惺","12"
"腕","12"
"湾","12"
"惑","12"
"廊","12"
"裂","12"
"塁","12"
"硫","12"
"痢","12"
"絡","12"
"揺","12"
"揚","12"
"雄","12"
"裕","12"
"猶","12"
"湧","12"
"愉","12"
"喩","12"
"帽","12"
"傍","12"
"募","12"
"遍","12"
"塀","12"
"雰","12"
"幅","12"
"普","12"
"扉","12"
"蛮","12"
"斑","12"
"媒","12"
"廃","12"
"鈍","12"
"筒","12"
"痘","12"
"棟","12"
"搭","12"
"塔","12"
"渡","12"
"堤","12"
"塚","12"
"椎","12"
"超","12"
"貼","12"
"遅","12"
"弾","12"
"棚","12"
"替","12"
"惰","12"
"堕","12"
"葬","12"
"痩","12"
"喪","12"
"訴","12"
"疎","12"
"婿","12"
"随","12"
"遂","12"
"須","12"
"尋","12"
"診","12"
"殖","12"
"畳","12"
"詔","12"
"粧","12"
"硝","12"
"焦","12"
"晶","12"
"掌","12"
"循","12"
"煮","12"
"湿","12"
"軸","12"
"滋","12"
"紫","12"
"傘","12"
"酢","12"
"詐","12"
"項","12"
"絞","12"
"硬","12"
"慌","12"
"喉","12"
"雇","12"
"堅","12"
"圏","12"
"隅","12"
"遇","12"
"琴","12"
"暁","12"
"御","12"
"距","12"
"喫","12"
"欺","12"
"棋","12"
"幾","12"
"閑","12"
"款","12"
"棺","12"
"敢","12"
"換","12"
"堪","12"
"喚","12"
"葛","12"
"渦","12"
"奥","12"
"援","12"
"媛","12"
"越","12"
"詠","12"
"椅","12"
"偉","12"
"嵐","12"
"握","12"
"揮","12"
"棒","12"
"補","12"
"晩","12"
"痛","12"
"尊","12"
"装","12"
"創","12"
"善","12"
"衆","12"
"就","12"
"詞","12"
"策","12"
"裁","12"
"敬","12"
"筋","12"
"勤","12"
"貴","12"
"割","12"
"貿","12"
"報","12"
"復","12"
"富","12"
"評","12"
"備","12"
"統","12"
"程","12"
"提","12"
"貸","12"
"属","12"
"測","12"
"絶","12"
"税","12"
"証","12"
"減","12"
"検","12"
"賀","12"
"過","12"
"営","12"
"街","12"
"量","12"
"無","12"
"満","12"
"費","12"
"飯","12"
"博","12"
"貯","12"
"達","12"
"隊","12"
"然","12"
"象","12"
"焼","12"
"順","12"
"散","12"
"最","12"
"結","12"
"景","12"
"極","12"
"給","12"
"喜","12"
"覚","12"
"開","12"
"落","12"
"陽","12"
"葉","12"
"遊","12"
"筆","12"
"悲","12"
"童","12"
"等","12"
"登","12"
"湯","12"
"着","12"
"短","12"
"植","12"
"勝","12"
"暑","12"
"集","12"
"歯","12"
"港","12"
"湖","12"
"軽","12"
"期","12"
"寒","12"
"階","12"
"温","12"
"運","12"
"飲","12"
"番","12"
"買","12"
"道","12"
"答","12"
"朝","12"
"晴","12"
"場","12"
"間","12"
"絵","12"
"雲","12"
"森","12"
"梢","11"
"菖","11"
"菫","11"
"凰","11"
"眸","11"
"萠","11"
"捲","11"
"逢","11"
"椛","11"
"梅","11"
"敏","11"
"埴","11"
"逞","11"
"牽","11"
"逗","11"
"冨","11"
"菅","11"
"絃","11"
"羚","11"
"捷","11"
"袴","11"
"這","11"
"皐","11"
"悉","11"
"庵","11"
"巢","11"
"毬","11"
"梓","11"
"埜","11"
"晚","11"
"晨","11"
"偲","11"
"惚","11"
"崚","11"
"萊","11"
"笹","11"
"砦","11"
"梛","11"
"雀","11"
"惟","11"
"渚","11"
"梧","11"
"掠","11"
"淳","11"
"琉","11"
"惇","11"
"淚","11"
"絆","11"
"梁","11"
"菱","11"
"笙","11"
"淋","11"
"晦","11"
"脩","11"
"笠","11"
"彗","11"
"萌","11"
"帶","11"
"捺","11"
"國","11"
"淀","11"
"陷","11"
"舵","11"
"寅","11"
"條","11"
"彬","11"
"梯","11"
"晝","11"
"琢","11"
"圈","11"
"從","11"
"梶","11"
"專","11"
"將","11"
"袈","11"
"萄","11"
"掬","11"
"畢","11"
"捧","11"
"兜","11"
"敍","11"
"菩","11"
"訣","11"
"釧","11"
"猪","11"
"桶","11"
"祥","11"
"淨","11"
"彪","11"
"祷","11"
"徠","11"
"朗","11"
"雫","11"
"紬","11"
"累","11"
"陵","11"
"猟","11"
"涼","11"
"隆","11"
"粒","11"
"庸","11"
"悠","11"
"唯","11"
"猛","11"
"麻","11"
"堀","11"
"崩","11"
"偏","11"
"符","11"
"瓶","11"
"猫","11"
"描","11"
"販","11"
"舶","11"
"陪","11"
"培","11"
"排","11"
"婆","11"
"粘","11"
"捻","11"
"軟","11"
"梨","11"
"貪","11"
"豚","11"
"陶","11"
"盗","11"
"悼","11"
"添","11"
"偵","11"
"陳","11"
"釣","11"
"眺","11"
"彫","11"
"窒","11"
"淡","11"
"脱","11"
"逮","11"
"袋","11"
"堆","11"
"唾","11"
"爽","11"
"曽","11"
"曹","11"
"掃","11"
"粗","11"
"措","11"
"旋","11"
"戚","11"
"惜","11"
"据","11"
"崇","11"
"酔","11"
"紳","11"
"剰","11"
"訟","11"
"紹","11"
"渉","11"
"庶","11"
"粛","11"
"淑","11"
"渋","11"
"羞","11"
"寂","11"
"釈","11"
"蛇","11"
"斜","11"
"赦","11"
"執","11"
"鹿","11"
"斬","11"
"惨","11"
"崎","11"
"埼","11"
"斎","11"
"彩","11"
"紺","11"
"痕","11"
"婚","11"
"頃","11"
"梗","11"
"控","11"
"舷","11"
"蛍","11"
"渓","11"
"掲","11"
"啓","11"
"掘","11"
"偶","11"
"惧","11"
"菌","11"
"虚","11"
"脚","11"
"菊","11"
"偽","11"
"亀","11"
"貫","11"
"患","11"
"勘","11"
"乾","11"
"渇","11"
"喝","11"
"掛","11"
"郭","11"
"殻","11"
"涯","11"
"崖","11"
"菓","11"
"陰","11"
"淫","11"
"逸","11"
"萎","11"
"尉","11"
"翌","11"
"欲","11"
"郵","11"
"訳","11"
"密","11"
"訪","11"
"閉","11"
"脳","11"
"頂","11"
"著","11"
"探","11"
"窓","11"
"盛","11"
"推","11"
"捨","11"
"視","11"
"済","11"
"郷","11"
"域","11"
"異","11"
"略","11"
"務","11"
"婦","11"
"貧","11"
"張","11"
"断","11"
"率","11"
"設","11"
"接","11"
"責","11"
"情","11"
"常","11"
"術","11"
"授","11"
"採","11"
"混","11"
"現","11"
"険","11"
"経","11"
"許","11"
"規","11"
"寄","11"
"基","11"
"眼","11"
"液","11"
"移","11"
"陸","11"
"望","11"
"副","11"
"票","11"
"敗","11"
"得","11"
"堂","11"
"停","11"
"側","11"
"巣","11"
"清","11"
"唱","11"
"産","11"
"菜","11"
"康","11"
"健","11"
"救","11"
"械","11"
"貨","11"
"問","11"
"部","11"
"動","11"
"都","11"
"転","11"
"笛","11"
"帳","11"
"第","11"
"族","11"
"進","11"
"深","11"
"章","11"
"商","11"
"宿","11"
"習","11"
"終","11"
"祭","11"
"球","11"
"悪","11"
"理","11"
"野","11"
"鳥","11"
"組","11"
"船","11"
"雪","11"
"週","11"
"細","11"
"黒","11"
"黄","11"
"教","11"
"強","11"
"魚","11"
"釘","10"
"狼","10"
"晄","10"
"晃","10"
"挺","10"
"挽","10"
"莊","10"
"砧","10"
"畠","10"
"郞","10"
"浩","10"
"俱","10"
"晏","10"
"晟","10"
"桐","10"
"套","10"
"峽","10"
"窄","10"
"朔","10"
"栖","10"
"柴","10"
"晒","10"
"峨","10"
"眞","10"
"矩","10"
"紘","10"
"莫","10"
"砥","10"
"栞","10"
"荻","10"
"祕","10"
"烏","10"
"笈","10"
"涉","10"
"紗","10"
"桔","10"
"娩","10"
"峯","10"
"閃","10"
"桂","10"
"祐","10"
"祖","10"
"秤","10"
"氣","10"
"莉","10"
"倦","10"
"赳","10"
"圃","10"
"訊","10"
"神","10"
"秦","10"
"凉","10"
"海","10"
"晋","10"
"莞","10"
"悔","10"
"悌","10"
"祝","10"
"啄","10"
"隼","10"
"臭","10"
"豹","10"
"哨","10"
"屑","10"
"凌","10"
"峻","10"
"紐","10"
"倖","10"
"乘","10"
"倭","10"
"狹","10"
"耽","10"
"恕","10"
"哩","10"
"桧","10"
"浬","10"
"栗","10"
"捗","10"
"脇","10"
"浪","10"
"恋","10"
"烈","10"
"涙","10"
"倫","10"
"竜","10"
"紋","10"
"耗","10"
"冥","10"
"娘","10"
"眠","10"
"埋","10"
"紡","10"
"剖","10"
"砲","10"
"峰","10"
"倣","10"
"俸","10"
"浦","10"
"捕","10"
"哺","10"
"紛","10"
"浮","10"
"敏","10"
"浜","10"
"姫","10"
"被","10"
"疲","10"
"般","10"
"畔","10"
"剝","10"
"悩","10"
"匿","10"
"胴","10"
"透","10"
"桃","10"
"唐","10"
"凍","10"
"倒","10"
"途","10"
"哲","10"
"逓","10"
"朕","10"
"酎","10"
"衷","10"
"秩","10"
"逐","10"
"畜","10"
"致","10"
"恥","10"
"託","10"
"泰","10"
"捉","10"
"桑","10"
"挿","10"
"捜","10"
"租","10"
"栓","10"
"扇","10"
"隻","10"
"脊","10"
"逝","10"
"凄","10"
"衰","10"
"粋","10"
"陣","10"
"浸","10"
"振","10"
"娠","10"
"唇","10"
"辱","10"
"称","10"
"祥","10"
"症","10"
"宵","10"
"徐","10"
"殉","10"
"准","10"
"袖","10"
"珠","10"
"殊","10"
"酌","10"
"疾","10"
"脂","10"
"恣","10"
"桟","10"
"索","10"
"剤","10"
"栽","10"
"宰","10"
"挫","10"
"唆","10"
"剛","10"
"貢","10"
"悟","10"
"娯","10"
"軒","10"
"拳","10"
"剣","10"
"兼","10"
"倹","10"
"桁","10"
"恵","10"
"脅","10"
"恭","10"
"恐","10"
"鬼","10"
"飢","10"
"既","10"
"陥","10"
"釜","10"
"核","10"
"蚊","10"
"華","10"
"俺","10"
"翁","10"
"宴","10"
"悦","10"
"畝","10"
"唄","10"
"挨","10"
"朗","10"
"陛","10"
"秘","10"
"班","10"
"俳","10"
"納","10"
"党","10"
"討","10"
"展","10"
"値","10"
"針","10"
"将","10"
"除","10"
"純","10"
"従","10"
"射","10"
"蚕","10"
"座","10"
"骨","10"
"降","10"
"胸","10"
"株","10"
"留","10"
"容","10"
"俵","10"
"破","10"
"能","10"
"造","10"
"素","10"
"修","10"
"師","10"
"財","10"
"耕","10"
"個","10"
"格","10"
"恩","10"
"桜","10"
"益","10"
"連","10"
"料","10"
"浴","10"
"脈","10"
"粉","10"
"梅","10"
"特","10"
"徒","10"
"帯","10"
"孫","10"
"倉","10"
"席","10"
"笑","10"
"借","10"
"残","10"
"殺","10"
"差","10"
"航","10"
"候","10"
"郡","10"
"訓","10"
"挙","10"
"害","10"
"案","10"
"旅","10"
"流","10"
"勉","10"
"病","10"
"倍","10"
"配","10"
"島","10"
"庭","10"
"速","10"
"息","10"
"真","10"
"消","10"
"酒","10"
"根","10"
"庫","10"
"宮","10"
"起","10"
"荷","10"
"院","10"
"員","10"
"馬","10"
"通","10"
"書","10"
"弱","10"
"時","10"
"紙","10"
"高","10"
"原","10"
"帰","10"
"記","10"
"家","10"
"夏","10"
"校","10"
"胡","9"
"珂","9"
"頁","9"
"迦","9"
"郁","9"
"俄","9"
"胤","9"
"廻","9"
"恢","9"
"按","9"
"衿","9"
"祇","9"
"娃","9"
"恰","9"
"柑","9"
"彦","9"
"臥","9"
"竿","9"
"巷","9"
"卽","9"
"洛","9"
"宥","9"
"柚","9"
"耶","9"
"籾","9"
"俣","9"
"柾","9"
"姥","9"
"毘","9"
"柏","9"
"盃","9"
"祐","9"
"姪","9"
"祢","9"
"殆","9"
"穿","9"
"亮","9"
"玲","9"
"俐","9"
"俠","9"
"者","9"
"突","9"
"祉","9"
"祈","9"
"勉","9"
"侮","9"
"恆","9"
"拜","9"
"珀","9"
"珈","9"
"洵","9"
"洸","9"
"昴","9"
"奎","9"
"勁","9"
"茸","9"
"茜","9"
"柘","9"
"哉","9"
"柊","9"
"洲","9"
"珊","9"
"郎","9"
"厘","9"
"侶","9"
"柳","9"
"幽","9"
"昧","9"
"盆","9"
"勃","9"
"冒","9"
"某","9"
"胞","9"
"柄","9"
"封","9"
"赴","9"
"訃","9"
"眉","9"
"卑","9"
"虹","9"
"栃","9"
"峠","9"
"洞","9"
"逃","9"
"怒","9"
"訂","9"
"帝","9"
"貞","9"
"亭","9"
"珍","9"
"勅","9"
"挑","9"
"胆","9"
"胎","9"
"怠","9"
"耐","9"
"俗","9"
"促","9"
"荘","9"
"窃","9"
"牲","9"
"是","9"
"帥","9"
"甚","9"
"津","9"
"侵","9"
"拭","9"
"浄","9"
"叙","9"
"盾","9"
"俊","9"
"柔","9"
"臭","9"
"狩","9"
"施","9"
"拶","9"
"咲","9"
"柵","9"
"削","9"
"砕","9"
"恨","9"
"拷","9"
"香","9"
"郊","9"
"荒","9"
"洪","9"
"恒","9"
"侯","9"
"枯","9"
"弧","9"
"孤","9"
"契","9"
"狭","9"
"挟","9"
"峡","9"
"糾","9"
"虐","9"
"軌","9"
"冠","9"
"括","9"
"柿","9"
"垣","9"
"皆","9"
"悔","9"
"架","9"
"卸","9"
"怨","9"
"疫","9"
"姻","9"
"咽","9"
"茨","9"
"畏","9"
"為","9"
"威","9"
"哀","9"
"律","9"
"肺","9"
"背","9"
"派","9"
"段","9"
"奏","9"
"染","9"
"洗","9"
"泉","9"
"専","9"
"宣","9"
"城","9"
"姿","9"
"砂","9"
"紅","9"
"皇","9"
"看","9"
"巻","9"
"革","9"
"映","9"
"迷","9"
"保","9"
"独","9"
"退","9"
"則","9"
"祖","9"
"政","9"
"査","9"
"厚","9"
"故","9"
"限","9"
"逆","9"
"要","9"
"勇","9"
"約","9"
"便","9"
"変","9"
"飛","9"
"単","9"
"浅","9"
"省","9"
"信","9"
"祝","9"
"昨","9"
"建","9"
"型","9"
"軍","9"
"紀","9"
"栄","9"
"胃","9"
"洋","9"
"面","9"
"負","9"
"品","9"
"秒","9"
"美","9"
"発","9"
"畑","9"
"度","9"
"追","9"
"柱","9"
"炭","9"
"待","9"
"送","9"
"相","9"
"神","9"
"乗","9"
"昭","9"
"重","9"
"拾","9"
"持","9"
"指","9"
"県","9"
"研","9"
"係","9"
"級","9"
"急","9"
"客","9"
"界","9"
"屋","9"
"風","9"
"南","9"
"点","9"
"昼","9"
"茶","9"
"前","9"
"星","9"
"食","9"
"春","9"
"秋","9"
"首","9"
"室","9"
"思","9"
"後","9"
"計","9"
"活","9"
"海","9"
"科","9"
"草","9"
"音","9"
"函","8"
"侃","8"
"沫","8"
"其","8"
"兒","8"
"孟","8"
"拔","8"
"杵","8"
"枇","8"
"卷","8"
"斧","8"
"苑","8"
"祁","8"
"朋","8"
"茉","8"
"奄","8"
"庚","8"
"肴","8"
"昊","8"
"苺","8"
"茄","8"
"於","8"
"竺","8"
"侑","8"
"或","8"
"迪","8"
"穹","8"
"怜","8"
"杭","8"
"宕","8"
"來","8"
"亞","8"
"昂","8"
"杷","8"
"茅","8"
"些","8"
"陀","8"
"尭","8"
"卑","8"
"忽","8"
"沓","8"
"苔","8"
"爭","8"
"阿","8"
"欣","8"
"坦","8"
"社","8"
"帖","8"
"昏","8"
"拂","8"
"昌","8"
"狀","8"
"枠","8"
"炉","8"
"拉","8"
"弥","8"
"盲","8"
"茂","8"
"免","8"
"岬","8"
"抹","8"
"枕","8"
"奔","8"
"肪","8"
"房","8"
"泡","8"
"抱","8"
"奉","8"
"併","8"
"沸","8"
"侮","8"
"附","8"
"阜","8"
"怖","8"
"苗","8"
"泌","8"
"披","8"
"彼","8"
"迫","8"
"泊","8"
"拍","8"
"杯","8"
"奈","8"
"突","8"
"到","8"
"妬","8"
"迭","8"
"泥","8"
"邸","8"
"抵","8"
"坪","8"
"抽","8"
"拓","8"
"卓","8"
"阻","8"
"狙","8"
"拙","8"
"析","8"
"斉","8"
"征","8"
"姓","8"
"枢","8"
"炊","8"
"沼","8"
"昇","8"
"尚","8"
"叔","8"
"呪","8"
"邪","8"
"侍","8"
"肢","8"
"祉","8"
"刺","8"
"刹","8"
"采","8"
"昆","8"
"肯","8"
"拘","8"
"虎","8"
"股","8"
"弦","8"
"肩","8"
"茎","8"
"屈","8"
"況","8"
"享","8"
"拠","8"
"拒","8"
"宜","8"
"祈","8"
"奇","8"
"玩","8"
"岳","8"
"劾","8"
"拐","8"
"怪","8"
"苛","8"
"佳","8"
"岡","8"
"殴","8"
"欧","8"
"旺","8"
"押","8"
"炎","8"
"依","8"
"宛","8"
"枚","8"
"宝","8"
"並","8"
"拝","8"
"乳","8"
"届","8"
"忠","8"
"宙","8"
"担","8"
"垂","8"
"宗","8"
"若","8"
"刻","8"
"呼","8"
"供","8"
"拡","8"
"沿","8"
"延","8"
"武","8"
"非","8"
"肥","8"
"版","8"
"性","8"
"制","8"
"承","8"
"招","8"
"述","8"
"舎","8"
"枝","8"
"妻","8"
"効","8"
"券","8"
"居","8"
"河","8"
"価","8"
"往","8"
"易","8"
"例","8"
"牧","8"
"法","8"
"府","8"
"念","8"
"毒","8"
"典","8"
"的","8"
"底","8"
"卒","8"
"松","8"
"周","8"
"治","8"
"参","8"
"刷","8"
"固","8"
"径","8"
"協","8"
"泣","8"
"季","8"
"官","8"
"芽","8"
"果","8"
"英","8"
"和","8"
"油","8"
"命","8"
"味","8"
"放","8"
"物","8"
"服","8"
"表","8"
"板","8"
"波","8"
"定","8"
"注","8"
"昔","8"
"所","8"
"受","8"
"取","8"
"者","8"
"実","8"
"事","8"
"始","8"
"使","8"
"幸","8"
"具","8"
"苦","8"
"岸","8"
"泳","8"
"育","8"
"委","8"
"夜","8"
"門","8"
"明","8"
"妹","8"
"歩","8"
"東","8"
"店","8"
"直","8"
"長","8"
"知","8"
"姉","8"
"国","8"
"京","8"
"岩","8"
"林","8"
"青","8"
"空","8"
"金","8"
"学","8"
"雨","8"
"杏","7"
"李","7"
"芥","7"
"灼","7"
"酉","7"
"汲","7"
"伶","7"
"孜","7"
"邑","7"
"杖","7"
"芦","7"
"巫","7"
"辰","7"
"每","7"
"杜","7"
"步","7"
"吞","7"
"坐","7"
"宋","7"
"伽","7"
"亨","7"
"吻","7"
"迂","7"
"芙","7"
"甫","7"
"沌","7"
"庇","7"
"迄","7"
"吾","7"
"灸","7"
"玖","7"
"芭","7"
"佑","7"
"冴","7"
"兎","7"
"佛","7"
"佃","7"
"芹","7"
"宏","7"
"壯","7"
"劫","7"
"辿","7"
"牡","7"
"弄","7"
"呂","7"
"戻","7"
"励","7"
"沃","7"
"抑","7"
"妖","7"
"冶","7"
"妙","7"
"没","7"
"妨","7"
"坊","7"
"邦","7"
"芳","7"
"扶","7"
"肘","7"
"尾","7"
"阪","7"
"伴","7"
"抜","7"
"伯","7"
"把","7"
"忍","7"
"妊","7"
"尿","7"
"那","7"
"廷","7"
"呈","7"
"沈","7"
"沖","7"
"但","7"
"沢","7"
"択","7"
"妥","7"
"汰","7"
"即","7"
"杉","7"
"吹","7"
"辛","7"
"芯","7"
"伸","7"
"肖","7"
"抄","7"
"床","7"
"秀","7"
"寿","7"
"伺","7"
"沙","7"
"佐","7"
"克","7"
"更","7"
"攻","7"
"抗","7"
"坑","7"
"呉","7"
"迎","7"
"串","7"
"吟","7"
"狂","7"
"却","7"
"忌","7"
"岐","7"
"含","7"
"肝","7"
"戒","7"
"壱","7"
"亜","7"
"卵","7"
"乱","7"
"忘","7"
"批","7"
"否","7"
"私","7"
"困","7"
"孝","7"
"系","7"
"我","7"
"快","7"
"余","7"
"防","7"
"判","7"
"状","7"
"条","7"
"序","7"
"似","7"
"志","7"
"災","7"
"均","7"
"技","7"
"応","7"
"労","7"
"冷","7"
"良","7"
"利","7"
"別","7"
"兵","7"
"努","7"
"低","7"
"束","7"
"折","7"
"臣","7"
"初","7"
"児","7"
"材","7"
"告","7"
"芸","7"
"求","7"
"希","7"
"完","7"
"改","7"
"囲","7"
"位","7"
"役","7"
"返","7"
"坂","7"
"豆","7"
"投","7"
"対","7"
"身","7"
"助","7"
"住","7"
"決","7"
"君","7"
"局","7"
"究","7"
"医","7"
"里","7"
"来","7"
"麦","7"
"売","7"
"弟","7"
"体","7"
"走","7"
"声","7"
"図","7"
"社","7"
"作","7"
"谷","7"
"言","7"
"形","7"
"近","7"
"汽","7"
"角","7"
"何","7"
"町","7"
"男","7"
"村","7"
"足","7"
"赤","7"
"車","7"
"見","7"
"貝","7"
"花","7"
"曳","6"
"收","6"
"亦","6"
"伊","6"
"凪","6"
"夷","6"
"庄","6"
"伍","6"
"亙","6"
"匡","6"
"旭","6"
"辻","6"
"丞","6"
"托","6"
"圭","6"
"汝","6"
"尖","6"
"汐","6"
"牟","6"
"瓜","6"
"肋","6"
"而","6"
"亘","6"
"弛","6"
"此","6"
"亥","6"
"劣","6"
"吏","6"
"妄","6"
"朴","6"
"忙","6"
"伏","6"
"妃","6"
"汎","6"
"帆","6"
"伐","6"
"肌","6"
"弐","6"
"吐","6"
"壮","6"
"迅","6"
"尽","6"
"匠","6"
"如","6"
"巡","6"
"旬","6"
"充","6"
"舟","6"
"朱","6"
"芝","6"
"旨","6"
"江","6"
"刑","6"
"仰","6"
"叫","6"
"臼","6"
"朽","6"
"吉","6"
"伎","6"
"企","6"
"缶","6"
"汗","6"
"汚","6"
"芋","6"
"扱","6"
"宅","6"
"存","6"
"至","6"
"后","6"
"吸","6"
"机","6"
"危","6"
"灰","6"
"宇","6"
"任","6"
"団","6"
"舌","6"
"在","6"
"再","6"
"件","6"
"仮","6"
"因","6"
"老","6"
"灯","6"
"伝","6"
"兆","6"
"仲","6"
"争","6"
"成","6"
"好","6"
"共","6"
"各","6"
"印","6"
"衣","6"
"列","6"
"両","6"
"羊","6"
"有","6"
"全","6"
"州","6"
"守","6"
"式","6"
"次","6"
"死","6"
"向","6"
"血","6"
"曲","6"
"安","6"
"毎","6"
"米","6"
"肉","6"
"同","6"
"当","6"
"池","6"
"地","6"
"多","6"
"西","6"
"色","6"
"自","6"
"寺","6"
"合","6"
"行","6"
"考","6"
"光","6"
"交","6"
"会","6"
"回","6"
"羽","6"
"名","6"
"百","6"
"年","6"
"虫","6"
"竹","6"
"早","6"
"先","6"
"耳","6"
"字","6"
"糸","6"
"休","6"
"気","6"
"弘","5"
"禾","5"
"汀","5"
"疋","5"
"只","5"
"叶","5"
"凧","5"
"戊","5"
"乎","5"
"仔","5"
"卯","5"
"矛","5"
"丙","5"
"払","5"
"氾","5"
"尼","5"
"丼","5"
"凸","5"
"奴","5"
"旦","5"
"占","5"
"仙","5"
"斥","5"
"尻","5"
"召","5"
"汁","5"
"囚","5"
"𠮟","5"
"込","5"
"甲","5"
"巧","5"
"玄","5"
"巨","5"
"丘","5"
"甘","5"
"且","5"
"瓦","5"
"凹","5"
"幼","5"
"庁","5"
"処","5"
"冊","5"
"穴","5"
"弁","5"
"布","5"
"犯","5"
"示","5"
"句","5"
"旧","5"
"刊","5"
"可","5"
"永","5"
"圧","5"
"令","5"
"民","5"
"未","5"
"末","5"
"包","5"
"辺","5"
"付","5"
"必","5"
"失","5"
"司","5"
"史","5"
"札","5"
"功","5"
"加","5"
"以","5"
"礼","5"
"由","5"
"平","5"
"氷","5"
"皮","5"
"代","5"
"打","5"
"他","5"
"世","5"
"申","5"
"主","5"
"写","5"
"仕","5"
"皿","5"
"号","5"
"去","5"
"央","5"
"用","5"
"北","5"
"母","5"
"半","5"
"冬","5"
"台","5"
"矢","5"
"市","5"
"広","5"
"古","5"
"兄","5"
"外","5"
"立","5"
"目","5"
"本","5"
"白","5"
"田","5"
"石","5"
"生","5"
"正","5"
"出","5"
"四","5"
"左","5"
"玉","5"
"右","5"
"廿","4"
"允","4"
"云","4"
"丑","4"
"巴","4"
"勿","4"
"尤","4"
"壬","4"
"匁","4"
"厄","4"
"乏","4"
"匹","4"
"匂","4"
"屯","4"
"斗","4"
"爪","4"
"弔","4"
"丹","4"
"双","4"
"井","4"
"冗","4"
"升","4"
"孔","4"
"勾","4"
"互","4"
"幻","4"
"斤","4"
"凶","4"
"刈","4"
"介","4"
"牙","4"
"片","4"
"仁","4"
"収","4"
"尺","4"
"仏","4"
"比","4"
"支","4"
"夫","4"
"不","4"
"氏","4"
"欠","4"
"予","4"
"反","4"
"区","4"
"化","4"
"友","4"
"毛","4"
"方","4"
"分","4"
"父","4"
"内","4"
"太","4"
"切","4"
"心","4"
"少","4"
"止","4"
"今","4"
"公","4"
"午","4"
"戸","4"
"元","4"
"牛","4"
"引","4"
"五","4"
"六","4"
"木","4"
"文","4"
"日","4"
"天","4"
"中","4"
"水","4"
"手","4"
"犬","4"
"月","4"
"火","4"
"王","4"
"円","4"
"巳","3"
"已","3"
"之","3"
"勺","3"
"也","3"
"叉","3"
"与","3"
"凡","3"
"刃","3"
"丈","3"
"乞","3"
"巾","3"
"及","3"
"亡","3"
"寸","3"
"己","3"
"干","3"
"久","3"
"士","3"
"万","3"
"才","3"
"工","3"
"弓","3"
"丸","3"
"土","3"
"大","3"
"川","3"
"千","3"
"夕","3"
"上","3"
"小","3"
"女","3"
"子","3"
"山","3"
"三","3"
"口","3"
"下","3"
"乃","2"
"卜","2"
"了","2"
"又","2"
"丁","2"
"刀","2"
"力","2"
"八","2"
"入","2"
"二","2"
"人","2"
"十","2"
"七","2"
"九","2"
"乙","1"
"一","1"
